x,y,Class
67.03237969,131.7772576,2
412.5175286,156.7067159,1
109.73029,364.4082372,4
448.5118291,343.2918363,3
405.9971473,128.7257083,1
445.4464014,170.8568567,1
295.0264994,261.370806,0
191.1443845,74.40679478,2
95.37616089,337.1133195,4
273.2471817,276.5406155,0
464.8726403,162.8781676,1
85.53870777,253.3710711,4
156.1522314,154.9219967,2
87.73450761,331.209864,4
412.6381265,97.15464673,1
433.3787638,371.763951,3
489.9587882,330.9379092,3
257.7651586,283.6720239,0
377.3391588,409.5900211,3
441.2405159,198.5462278,1
480.2064974,343.984074,3
63.53621203,383.2909127,4
482.7057079,259.9030141,3
432.1008307,110.4778095,1
52.99988696,371.4266577,4
248.3363777,310.9623384,0
430.4944041,132.0607111,1
124.6042971,130.9369185,2
92.25413556,419.3181049,4
349.396332,61.2808628,1
57.42816825,339.2153621,4
387.4938759,395.959059,3
140.6780651,419.1570598,4
260.8182641,299.6943753,0
176.716017,63.58132051,2
103.2341144,54.65857549,2
434.5297174,145.1930789,1
272.9255123,322.2217228,0
100.7169815,370.0249409,4
443.2360286,122.4781013,1
412.8086203,166.1275424,1
419.5333079,115.6789928,1
468.6589423,374.7923767,3
442.1070018,377.3935589,3
61.45971001,112.4658054,2
408.0129658,169.7482808,1
443.3363273,213.408712,1
302.0465092,274.2564752,0
455.8538612,161.0249366,1
258.8690557,322.7363548,0
419.3455051,378.3190581,3
412.0514209,104.9445062,1
90.95770416,339.0493108,4
270.0650879,295.2384349,0
89.07436361,329.9642003,4
206.8171973,221.1036596,0
289.6207063,261.6408743,0
323.1230332,51.41295553,1
248.2742275,298.4767701,0
444.4950552,354.3768454,3
264.4358331,347.1624952,0
228.7557332,307.2160683,0
102.0104893,376.4185323,4
134.2234699,74.1329822,2
102.9029274,402.09097,4
111.7186761,312.751026,4
424.2507923,113.6489063,1
438.930399,374.8976095,3
447.9980792,365.1525428,3
269.0051174,334.246935,0
453.9432378,193.3234011,1
97.45814141,371.8426526,4
384.9523641,112.8358469,1
238.0083605,258.0191044,0
96.43045007,154.937364,2
274.7956758,349.8229641,0
425.1075334,168.376631,1
384.4396012,107.8529044,1
418.4587657,146.6423287,1
164.5135044,79.54275647,2
473.8520203,344.1754936,3
71.02823642,267.9330153,4
283.7812616,310.5365478,0
440.3017352,351.6992787,3
281.433524,318.617078,0
247.7790808,257.5723571,0
402.3115643,174.5609331,1
151.5695797,100.2134891,2
404.3089451,99.7773137,1
449.1355907,365.4795362,3
113.3936125,387.4458175,4
58.31359274,402.6650112,4
138.3813371,82.00720726,2
344.2773503,62.02867785,1
169.498832,155.912777,2
123.3225625,412.7024529,4
125.8150594,130.4166192,2
452.3225487,170.5549949,1
283.9217699,323.6133385,0
64.22553431,330.4965769,4
417.2370044,211.591763,1
443.4283861,205.9109588,1
225.9093627,308.7324261,0
420.0166774,213.6592335,1
397.7533273,131.9749037,1
100.2376417,135.697516,2
140.0354306,154.5224117,2
468.6251209,184.1697876,1
405.1763666,144.2124411,1
91.06370542,320.1490853,4
324.0914357,70.62777052,1
172.0753592,120.6990532,2
483.0347461,371.8231617,3
267.9053261,328.1582508,0
411.8926239,198.8992508,1
83.22679043,94.69344547,2
391.5699232,182.5601262,1
372.7074389,194.2715752,1
300.3242548,277.3566919,0
172.6756484,130.2744264,2
388.1289828,173.1640104,1
64.08738312,362.1151702,4
187.1215844,134.7674816,2
388.4353654,69.15715116,1
78.16409923,120.6115481,2
107.0691451,307.0224214,4
451.6477598,161.5289183,1
392.3931917,160.6566329,1
477.3417605,367.196465,3
467.8037657,333.3258649,3
222.7548266,378.2586257,0
265.1725942,283.4237571,0
357.8638159,388.186985,3
56.69932739,359.7282977,4
418.6196712,178.5913982,1
419.7543766,107.6604082,1
171.655722,132.7833709,2
414.9164295,145.6491813,1
391.9660062,166.1666291,1
278.6874211,326.9336989,0
371.754669,49.86769124,1
85.42560911,307.1228214,4
467.4280176,334.2149206,3
81.61728368,298.3587416,4
94.1171778,81.36535692,2
415.1940811,206.8814337,1
388.1440268,84.95861786,1
471.3820379,204.2264608,1
421.1013699,212.7617194,1
248.5707895,298.6124521,0
214.8735641,74.87316428,2
153.0969755,120.6894292,2
451.4396418,363.2295356,3
136.643979,71.77523424,2
425.5964557,144.1177357,1
453.7455053,372.5019979,3
126.8308285,55.92913746,2
423.2835472,149.985175,1
125.2507216,126.113208,2
56.1683868,374.366847,4
470.3014872,342.6379575,3
461.2497012,368.5951954,3
251.2320012,324.9196357,0
408.9209908,397.2042179,3
100.6542966,410.6146468,4
429.2509913,158.6903174,1
79.51861255,136.9738658,2
89.35475668,145.102339,2
475.4185862,337.1275634,3
270.7781373,287.8221763,0
454.8671792,359.3824716,3
254.637329,307.1139911,0
417.9650311,155.296362,1
139.8816271,91.92288773,2
95.27823928,340.3702104,4
428.3036988,176.2424912,1
377.0650187,116.5946504,1
67.69801774,324.1409324,4
174.8320057,160.2809757,2
425.9698501,374.4564086,3
90.36376924,385.8401203,4
303.4997355,274.7451309,0
84.47542129,369.406488,4
452.2792019,356.4311881,3
96.72386727,335.2341784,4
446.091407,181.1033928,1
411.1467835,370.028668,3
442.0020542,149.2476207,1
356.2849646,140.6700316,1
139.3740662,146.7628344,2
414.0414718,82.54405595,1
408.3513355,131.8550987,1
403.7781873,119.3837691,1
130.5020589,121.5171111,2
229.9493087,360.6427796,0
64.20015026,395.2667344,4
105.9861101,119.5479197,2
66.04981668,390.3843783,4
197.2890635,192.7427339,2
81.08348255,404.0350414,4
76.52836641,67.83340193,2
167.1393656,120.0472482,2
92.06606443,347.8424002,4
75.93582621,342.0035302,4
413.4599851,188.1564048,1
372.2143754,106.7544889,1
179.0034921,132.4196824,2
406.6153554,119.0959983,1
382.1076669,114.7344959,1
376.8375433,372.1892412,3
93.91019126,354.1288242,4
88.45749573,110.5688143,2
430.9530382,112.8472139,1
70.68322966,401.2960283,4
486.4220284,348.4415927,3
420.5670166,145.1966544,1
224.1392207,82.09749793,2
258.6578677,352.5860814,0
154.5417817,147.3239626,2
454.5462003,365.0468874,3
442.9671127,106.1879503,1
242.035783,263.7355647,0
261.9610217,326.4722258,0
459.2397321,360.6387505,3
495.0904858,339.3171233,3
267.2265032,303.2296576,0
483.1477532,163.3902354,1
502.7244641,263.7590084,3
188.377733,91.18377057,2
137.7542369,109.3166229,2
497.9901081,335.6180734,3
427.8235629,143.6912461,1
429.8520405,391.8488685,3
252.1801789,291.8922767,0
420.0865895,107.6404237,1
437.6757757,119.564075,1
100.03622,373.6748721,4
390.88684,173.1119432,1
470.4310106,166.4700522,1
453.668422,349.7375594,3
150.2241415,117.8953176,2
406.9842661,148.3582024,1
76.14386826,143.600092,2
406.3187522,86.45923059,1
217.0492701,387.8498364,0
277.1982165,306.4417511,0
311.7272596,346.8756411,0
177.7533345,128.4115425,2
463.3133194,213.1834994,1
204.3933033,81.60930364,2
46.76953389,352.5455565,4
253.5942237,319.4356326,0
254.8726452,230.7892953,0
437.0298595,353.248734,3
349.8238778,139.0986803,1
117.1841525,348.1776509,4
418.0097841,201.2166575,1
102.8819673,75.68489263,2
416.2639688,158.3621126,1
104.325022,112.6561084,2
239.9091194,317.5485424,0
183.5048696,161.4812842,2
476.7916802,335.9110648,3
418.3705081,390.7427714,3
271.5088809,287.283142,0
345.4385411,364.3026586,3
410.0625974,140.7356908,1
249.8817079,313.3832147,0
352.0701667,109.6758601,1
444.714047,179.8930455,1
184.6725044,165.5130241,2
400.3044769,121.2386171,1
390.2987461,195.5103461,1
427.2677109,185.1184394,1
455.250126,110.9087695,1
490.3068745,354.4833175,3
411.2017955,141.1043975,1
161.2798019,102.7647581,2
250.3676212,359.355194,0
102.9168133,109.3299342,2
174.9883528,56.76857325,2
308.6153444,262.7337535,0
111.9405625,143.0205593,2
90.76496207,398.3180468,4
476.294599,331.6087195,3
325.9186064,372.4131365,0
359.6504921,80.95074961,1
258.1798553,297.9503783,0
471.2693366,353.3346867,3
458.138703,221.6851543,1
328.3620401,75.19556317,1
468.0517486,355.300582,3
61.91783297,355.373118,4
377.7797326,110.8965442,1
274.0532707,311.0171858,0
157.6665303,78.02013246,2
378.8657272,167.3345489,1
172.8155659,106.647858,2
418.8666233,79.7644899,1
421.7482195,146.3298488,1
198.3457007,83.69770528,2
116.3760802,138.4892248,2
343.4934422,220.7858659,0
402.642613,183.5267758,1
466.6652639,209.6098963,1
128.1379417,119.5859661,2
104.7209769,355.0103002,4
367.2408518,110.2325555,1
377.7603364,120.7202826,1
436.1766143,128.9893422,1
407.2389083,97.23138979,1
368.1651707,176.2533044,1
70.6163163,136.0007953,2
484.2797358,341.9190327,3
481.8858702,226.6487931,1
466.4317181,294.2482152,3
448.2340677,138.7418403,1
77.77737901,92.74371264,2
439.9392688,141.4960989,1
135.7681954,371.0005207,4
391.5451635,113.7705352,1
90.3632183,300.5327884,4
439.4779566,349.5282325,3
429.3215316,388.2874512,3
92.80606123,135.1971642,2
406.4051266,125.915065,1
199.9086118,147.062527,2
81.59848816,150.2441777,2
423.5900842,209.6075217,1
492.726824,326.3250338,3
421.3158049,129.3472831,1
467.6624434,351.1861292,3
411.8255851,122.2911263,1
380.7376959,131.0261136,1
371.6526534,368.1040814,3
353.1202079,73.67959393,1
98.29172635,144.9581473,2
88.30479257,307.7341606,4
261.6012482,289.9049418,0
153.0300317,70.56841063,2
82.31759379,420.580056,4
92.4546022,376.0636136,4
433.7887848,133.2793856,1
167.1333034,149.0216979,2
283.9000937,281.9653209,0
154.1743424,121.8780571,2
68.55717174,299.729115,4
433.6480978,146.0840794,1
369.0586704,152.8132806,1
237.704416,295.5379924,0
169.9321599,65.25455402,2
361.5633036,88.78565767,1
129.5459556,66.96499593,2
249.4428737,349.9172412,0
94.29725197,372.9909749,4
426.106967,169.3351382,1
425.5000659,166.7615213,1
63.04950264,252.5112398,4
444.0609782,136.9969359,1
400.0308638,148.2310087,1
246.559958,258.0513162,0
425.4104873,133.0521628,1
398.8487032,148.8200107,1
145.6064041,122.463779,2
338.6955589,64.03471627,1
452.8425088,128.2457634,1
113.1405246,299.1440853,4
204.2451987,149.4821519,2
141.5468494,62.31197999,2
126.7246315,83.89114156,2
218.9748303,373.3407115,0
269.4750152,329.2511418,0
448.8423792,358.8346258,3
414.3288053,208.7414113,1
438.95761,118.8558896,1
404.8753059,161.6773398,1
437.7157018,119.8810235,1
469.8844378,367.9832754,3
70.26687148,332.5504467,4
85.16027182,357.4767449,4
67.00082521,370.0472373,4
430.826917,101.8215785,1
155.4924261,116.3180806,2
72.13009481,356.9389889,4
274.9471953,323.7319171,0
447.408927,200.0058277,1
76.47522531,397.6068777,4
329.1701675,49.60008549,1
499.9261392,313.2817543,3
261.8538181,327.3949691,0
367.1805558,382.9858835,3
119.3731304,96.36769758,2
77.47306733,381.4788977,4
379.7460901,186.1615907,1
150.7184839,87.56157402,2
145.051051,93.20481908,2
404.9767929,134.5673214,1
418.323041,128.4297746,1
471.1970257,334.5304518,3
260.703369,250.2960192,0
438.7465056,176.7790486,1
436.8413541,207.0923148,1
144.2150116,54.96114523,2
86.07305017,330.4759282,4
411.3720037,150.7008134,1
102.6716453,135.2030411,2
170.9375112,142.2361273,2
415.3882823,174.7571572,1
85.60284351,156.5743582,2
446.2285781,351.3352034,3
427.4127185,121.4430306,1
490.457299,337.4424038,3
425.8947859,361.3461703,3
117.2356371,112.1352145,2
254.4764395,249.4244425,0
399.45999,116.2233099,1
239.5905326,331.2939125,0
394.9862284,170.120232,1
152.9858141,123.9561611,2
91.52648355,343.8283833,4
437.1439596,150.6047418,1
458.2844538,120.9089707,1
424.2233047,117.7240379,1
225.5787586,281.5737449,0
235.4918817,267.4148624,0
94.67267092,390.6617656,4
87.22345495,313.1832506,4
397.647728,162.0380986,1
47.165355,368.0780382,4
139.3918964,56.76277774,2
212.6682983,251.3998086,0
420.3205871,202.8477179,1
416.3805432,187.2512169,1
184.257537,136.928038,2
286.2962479,322.4933491,0
489.8611562,329.1485105,3
364.9334007,98.11281129,1
249.1496331,313.5313197,0
133.2277097,116.539424,2
39.82176093,350.188846,4
79.81666481,63.51347568,2
405.4078668,94.29858581,1
400.2017197,113.282493,1
491.996351,336.3324533,3
382.9508823,105.0216146,1
121.2700894,131.7119926,2
391.9270166,140.9676032,1
365.4816406,161.6718249,1
475.3329019,374.8481044,3
94.42868403,177.42147,2
405.0309209,368.7908798,3
476.7332036,371.1366763,3
222.6281294,267.7479898,0
450.8892091,137.6169607,1
439.1106271,403.0564167,3
81.86739375,410.2890095,4
431.6783184,177.0459501,1
379.8092947,146.6452873,1
83.94080726,369.8545419,4
422.0593419,103.0488469,1
152.2450129,127.4848738,2
119.5594769,349.0506985,4
53.88123911,250.2031563,4
500.0590061,356.1257182,3
437.5958332,140.8305602,1
455.3787256,125.0056182,1
437.5620531,172.3688155,1
83.56583603,129.0298985,2
424.5842636,121.4968663,1
414.5810336,141.6382928,1
162.1898969,132.8620706,2
453.4113452,193.2667963,1
394.7619751,153.660127,1
141.5259314,112.8052304,2
234.3869121,299.9027946,0
402.3144813,157.3702441,1
111.5122472,339.2789424,4
239.0538849,237.5802086,0
419.787167,129.877681,1
69.46852773,377.6223622,4
77.39579664,382.7610725,4
369.1510931,102.9855065,1
258.6187083,275.5758432,0
352.8371827,125.822994,1
135.6253002,103.714291,2
104.4297841,308.2886197,4
377.6121991,169.3746711,1
422.8003574,164.1037491,1
418.8443325,200.45937,1
497.529877,192.0937514,1
447.0267493,350.7178922,3
268.714749,354.9744055,0
469.6497484,206.5322186,1
391.4777803,101.5781125,1
412.8402486,138.781855,1
382.7683963,108.5912661,1
77.88955077,381.9512049,4
383.7108185,197.8149547,1
59.99109406,383.1082978,4
428.5371385,128.7936872,1
100.4491946,77.15562366,2
78.7479095,365.0819268,4
95.84037188,358.331388,4
449.9576167,142.6615392,1
121.5654064,142.1867723,2
421.1506916,128.9700935,1
75.10930114,233.8114271,4
376.4444519,129.259691,1
176.0429973,70.01317519,2
271.2384644,274.1256291,0
390.2516665,376.2006087,3
398.0943411,80.70765355,1
249.1591409,316.8560341,0
391.6252537,170.979756,1
62.5147618,99.9018172,2
234.8536004,299.3140978,0
427.1306757,373.8740658,3
168.6514638,146.6182597,2
408.9201626,128.8442539,1
415.5232302,386.7285157,3
146.3357487,118.3791602,2
391.3392785,71.03499906,1
478.2732986,315.3421631,3
61.95511505,371.4425523,4
64.73989119,395.9496108,4
274.392942,296.8567001,0
70.29097214,143.2976655,2
225.4901338,251.866347,0
251.1639336,322.2718642,0
93.25461274,361.6306174,4
152.6718511,136.0239246,2
362.6815692,93.11001489,1
82.04476811,166.2317364,2
418.6097561,360.1434743,3
409.9564102,154.6503601,1
238.2102542,332.6076813,0
117.7487441,331.856886,4
280.9207576,313.2928786,0
115.4408614,350.2857088,4
244.191923,285.5163649,0
481.8621171,372.4268305,3
104.2806417,97.02300031,2
129.0168161,113.4110467,2
256.865092,339.5340221,0
426.4027948,165.9842221,1
400.501395,103.8095544,1
423.6855839,125.8617128,1
464.661131,335.7659436,3
441.5898257,106.2261748,1
408.0310039,184.7834239,1
131.2417938,120.7329463,2
250.7579677,275.1912791,0
443.8533167,386.3076587,3
250.340252,291.2879177,0
76.31563643,113.1939137,2
433.2894698,368.943545,3
243.1367122,291.6096835,0
173.0856986,113.6233052,2
467.3188331,355.8176497,3
401.5019969,199.3886108,1
414.4252953,181.460163,1
427.7381227,192.5149085,1
480.8162127,335.3676956,3
411.6063285,161.4098251,1
80.44880343,372.5214241,4
460.580858,351.7096554,3
410.9014637,128.4344447,1
457.2562225,374.325985,3
81.11929881,399.6475695,4
63.07269741,392.1660014,4
101.6272955,350.5944101,4
376.1107538,150.9904815,1
95.38391912,125.2475293,2
287.0999051,272.9818867,0
161.0896532,107.6061989,2
85.60719093,126.6400917,2
35.45909579,416.4049751,4
170.9754499,146.0452913,2
383.9126241,374.5542531,3
65.91964022,367.63834,4
467.5915156,322.7151048,3
474.4143657,381.1926916,3
83.53623378,348.4603054,4
270.3628545,256.2415608,0
130.5105072,61.96876667,2
259.8815723,308.9507325,0
263.3690867,345.205146,0
114.5202871,121.1316524,2
431.0779563,386.9394044,3
444.3829737,186.2703687,1
165.1949203,126.2804711,2
164.0285434,108.5632666,2
281.8674291,292.1979009,0
170.3444822,83.12462549,2
290.5023962,248.6231796,0
119.3883556,96.70842886,2
422.3156497,120.6381383,1
250.3965328,302.9191923,0
77.75656984,151.8204768,2
406.0649576,156.8211482,1
86.72041464,331.2105588,4
285.6814487,317.8760008,0
101.6165254,130.1452052,2
157.710932,136.884314,2
237.6500235,289.2407971,0
433.3563632,170.6501032,1
471.3382818,341.0267227,3
271.6480244,309.6146156,0
400.7892225,167.1030698,1
153.7846074,134.6813953,2
83.50058008,138.7264195,2
285.0412248,294.9458058,0
120.775329,328.7688212,4
129.073403,373.3995409,4
387.6904799,111.9135176,1
396.1287957,105.7772392,1
443.9896586,233.9939264,1
61.74150168,388.0642062,4
429.5412099,176.4318839,1
478.4645314,242.1515009,1
104.4881494,368.4827032,4
465.9067613,186.6280093,1
380.2441059,170.7358133,1
94.21564782,381.9547553,4
88.14217319,377.6087318,4
231.7642632,256.4381666,0
223.1657043,280.9289227,0
382.0385231,107.471118,1
427.8959204,137.8460884,1
422.3811594,99.04774505,1
465.9161904,358.9968937,3
394.8118926,94.30989393,1
113.0302006,358.8959928,4
234.9199409,265.7046603,0
274.9526971,310.1641779,0
280.2723258,316.4435756,0
246.8889035,276.7385668,0
424.5354958,179.154131,1
446.3902014,166.4686909,1
82.23497241,413.4347117,4
61.97127364,407.2405765,4
69.77348308,398.9375173,4
349.4538132,81.46805204,1
468.9872069,191.951339,1
427.4014029,119.1825879,1
442.7266187,188.1736198,1
244.1225519,275.3798947,0
266.3950512,337.4227947,0
102.1130911,406.3554401,4
79.03395673,388.6669009,4
451.1647772,226.228718,1
465.5446899,186.7823666,1
407.4355009,128.41705,1
440.1488299,359.8886129,3
243.4403953,282.8002028,0
159.9709515,145.4958133,2
119.1776112,155.399915,2
472.254886,215.6800622,1
315.0331699,255.5815888,0
370.8403067,96.06817737,1
343.0813798,378.7306627,0
82.99056693,361.9487806,4
402.6118271,189.2714229,1
66.49032803,377.3577014,4
248.0448725,277.264029,0
166.5955056,144.3117878,2
86.75375784,372.7839565,4
502.5734976,349.9266493,3
446.9435233,349.6601253,3
429.0941308,98.26562149,1
49.6455272,390.6799379,4
400.9738437,105.7612069,1
254.5791071,374.9341561,0
237.5715306,255.3024616,0
146.4128452,80.17457184,2
161.8854734,140.4774857,2
433.763465,118.7862236,1
449.376004,168.7778335,1
441.8471685,138.9702238,1
280.4822956,349.4097382,0
146.2052358,152.9782384,2
424.167237,142.4393294,1
185.897379,149.4826533,2
376.9921376,137.5556591,1
390.0544129,154.7829031,1
91.81259925,128.1822913,2
216.5376124,286.1451298,0
400.782192,101.7241899,1
179.1786418,87.36558536,2
408.5060611,125.7366499,1
243.9499158,285.4146931,0
456.0680101,366.734662,3
153.5218279,79.00213222,2
191.9698527,141.1523615,2
373.7366721,146.1083704,1
83.68045575,395.5295484,4
420.1908767,114.002509,1
67.43343571,349.764531,4
453.9763066,137.2458874,1
434.8802029,113.2086243,1
237.3833586,301.6434779,0
388.5952966,79.94217236,1
428.7360973,182.9043477,1
110.9611191,369.0761797,4
306.4306824,288.8414624,0
399.722929,96.09326517,1
471.9335787,360.7616164,3
74.00876936,355.1244477,4
71.1040589,282.9975557,4
250.7616744,335.2387902,0
255.3162802,297.1989666,0
261.5587523,299.0046846,0
420.2569855,389.8255018,3
434.6314752,155.1968916,1
258.3326311,314.3071331,0
259.1339296,255.1917673,0
86.63364181,141.6635746,2
473.2997837,168.4754658,1
88.71179308,384.3564793,4
269.2696055,303.8327035,0
439.4655696,124.2942219,1
387.737896,93.84409086,1
364.7786983,66.52299688,1
396.0618997,142.2174943,1
463.4628586,130.3289739,1
411.9100699,105.3811772,1
363.9971437,110.3198042,1
383.2955184,104.9249074,1
164.5707982,121.1627396,2
410.6520623,119.8264199,1
85.35748198,341.2066959,4
407.1901811,149.0526019,1
239.3140005,318.6847535,0
172.6750935,78.8916569,2
127.9130623,143.0610383,2
449.8357174,394.1690183,3
244.362777,295.8454548,0
431.1459358,180.3041553,1
381.7095775,134.1326344,1
456.4682788,120.6553078,1
104.5356687,109.7218883,2
388.2453459,152.0537558,1
240.6679566,262.7040021,0
158.8649228,65.35045175,2
233.5761435,328.4372209,0
68.07096183,378.0266512,4
63.28677104,343.5762471,4
397.5001628,373.5618405,3
61.70055353,366.2988122,4
132.5603014,85.00142782,2
378.8294338,60.83124645,1
237.6710609,350.1014791,0
136.6269218,117.5580332,2
64.32484289,390.8168924,4
233.3859123,281.628217,0
442.7091277,128.8078016,1
58.30632489,399.383384,4
162.2929905,93.02161192,2
273.639332,283.4539091,0
171.4908804,107.3940384,2
45.2273801,369.6800663,4
90.33783208,263.7589188,4
466.1088928,384.659372,3
341.1497927,241.7005041,0
105.2358033,159.7261607,2
105.4692597,132.0888251,2
423.7062966,376.230653,3
462.2866651,384.4767935,3
108.3533405,100.5934369,2
463.4142823,359.8801413,3
78.45555301,398.5511995,4
453.4771891,384.4043831,3
433.0717344,201.5460513,1
446.5773902,370.7073008,3
508.3429144,342.5675519,3
119.8097788,101.1896166,2
119.5330465,322.4351,4
383.8408667,196.7506041,1
479.3623812,348.6802846,3
375.6394021,120.85065,1
118.1177919,92.25625862,2
407.8835027,119.5905636,1
136.7771518,134.5048464,2
414.8861596,131.5891055,1
254.9039714,261.9218937,0
179.553825,104.6742456,2
95.26708565,334.4272121,4
403.4263068,390.4744889,3
408.9714929,359.5066571,3
88.25398796,401.1769644,4
80.29570199,92.35788488,2
268.2190993,334.1509329,0
394.8970874,169.5106821,1
452.4851809,371.1762246,3
479.3115606,326.1625564,3
249.2986089,288.4225268,0
468.1357587,352.0443683,3
274.8965151,262.5478723,0
366.0131814,110.5243791,1
243.4616506,276.6456542,0
55.99030011,388.052131,4
265.3127178,259.5807713,0
357.8725053,96.93884175,1
73.79582194,409.2812765,4
87.15870493,371.901752,4
293.4865681,288.2149056,0
436.3323803,140.5236905,1
469.4552485,174.8646576,1
455.5901404,351.728044,3
253.4443576,273.0872384,0
395.8994492,101.1496895,1
436.5147099,126.8151141,1
298.074469,277.2581586,0
232.839617,263.0804498,0
201.3775716,72.10801878,2
404.7118494,119.1380728,1
216.7410223,292.2636247,0
448.5792274,214.0584628,1
467.7380519,348.6161978,3
256.1100327,298.527018,0
94.20082863,69.52691441,2
287.2715117,301.6898258,0
184.936029,116.9663888,2
434.5788638,133.8320171,1
113.2564282,66.50181183,2
431.0022746,188.9558749,1
81.06830602,384.8222149,4
348.708276,225.2845265,0
427.1570733,125.6188736,1
210.7240313,88.68230897,2
379.1638006,159.3145816,1
121.85647,127.6318715,2
81.47490279,358.1994958,4
391.4759081,165.5727019,1
107.288887,352.941361,4
135.1623708,84.11956292,2
471.4712518,319.8495282,3
462.4399746,160.6597002,1
91.67165211,345.6457882,4
307.9663709,367.8638423,0
387.9245247,82.42782757,1
98.2485446,91.39070096,2
398.6866711,102.3703785,1
461.2010689,360.6805289,3
183.154802,114.6888397,2
66.0044485,124.3815252,2
386.1295225,214.4687722,1
209.5894609,89.30644878,2
435.5789717,171.9790489,1
382.1163243,109.4137773,1
452.5202199,370.3604022,3
364.4680556,98.44849884,1
401.5595929,98.43857612,1
417.0517421,378.6403637,3
101.7924093,404.1191251,4
249.6965074,298.2982766,0
197.8574755,77.72580498,2
84.09283385,100.8878589,2
479.3387313,385.6104699,3
62.91413042,358.4284131,4
424.6935984,108.1474731,1
105.2917404,68.72682001,2
378.0468473,155.2364834,1
257.0834648,335.7904657,0
494.5799651,325.6323079,3
195.9936509,97.77789626,2
122.097949,339.6619978,4
256.1358301,370.3508587,0
410.4345736,139.9706809,1
440.0793367,196.803516,1
294.2278937,300.9102126,0
90.67795261,71.81145865,2
439.4964529,214.3821728,1
63.11427956,317.7998007,4
72.15111364,134.845686,2
423.793229,193.8543504,1
108.5255316,95.33058162,2
375.4461586,90.27924931,1
152.8985201,120.0255882,2
432.592658,392.2568778,3
445.1058147,195.3975482,1
465.156718,228.8806196,1
441.688629,206.7627802,1
485.2131801,344.5753884,3
426.2637112,117.6213062,1
109.0771807,141.8858168,2
386.1442389,202.5349932,1
238.6308279,266.901705,0
101.6344527,133.5081197,2
76.75352562,390.1621328,4
456.7487466,190.3501736,1
245.1077032,255.1172986,0
397.1410639,155.6908835,1
103.9788971,69.5692187,2
425.5255974,111.8892982,1
461.2673434,128.3270293,1
244.8443971,343.8893209,0
445.8280515,219.0947078,1
274.3704209,282.18517,0
184.7089831,398.4843492,0
436.5730527,388.1671675,3
394.1133734,151.9131769,1
422.0556359,128.6733284,1
496.4114472,220.267236,1
376.9143178,98.17151785,1
412.1697746,401.4666482,3
390.7729064,76.53243905,1
79.51575549,346.5903776,4
141.4944904,166.4544112,2
446.1591415,171.9704083,1
468.9214028,342.3367018,3
404.4549492,122.9661592,1
441.3009385,173.6766666,1
434.025652,178.2145884,1
271.7575905,328.7684524,0
265.8892398,358.7306378,0
100.9811102,370.3530597,4
236.2695954,57.6914686,2
421.7929815,122.8201394,1
116.5235163,356.9417217,4
380.2315891,131.3817965,1
79.08841253,124.8796131,2
425.1856376,183.5801681,1
189.8276665,150.7647352,2
445.3655244,379.5396034,3
127.1012166,56.40435984,2
271.5218985,328.9935431,0
111.2907532,118.1503704,2
361.3945379,57.49439376,1
418.9573178,383.8710174,3
415.6437219,176.6093973,1
369.6663818,134.7528466,1
480.7265071,327.4148047,3
99.00758337,122.9177002,2
393.3124218,154.8537777,1
419.3665109,369.2383911,3
282.8664435,280.3101594,0
311.96244,262.3315042,0
291.9391478,278.8253152,0
269.2160119,305.3156296,0
153.3338671,108.3966718,2
136.7804873,127.264616,2
402.63335,165.5558878,1
420.9002129,362.1595554,3
84.26720103,159.9111419,2
248.8670384,307.4617158,0
452.3082069,148.6946541,1
381.2478087,86.44503976,1
434.4328933,190.8933178,1
434.9846362,144.1667951,1
98.1096146,144.8901828,2
73.19075637,156.5351308,2
321.7346683,273.9738832,0
73.14251748,314.5114132,4
422.5888821,171.9577003,1
68.61180799,370.5860205,4
417.1221596,185.3875856,1
246.6587173,276.9942953,0
467.6728028,163.2528618,1
117.1627901,356.0901174,4
405.137728,119.0742583,1
446.486788,127.0258144,1
88.43432165,170.615148,2
174.0380751,137.5576412,2
254.8205132,249.7604825,0
400.2771174,158.9634537,1
391.5934499,106.8908932,1
432.8129171,139.1589539,1
48.15619909,337.501201,4
154.0006339,122.0265384,2
148.5322016,127.6872551,2
182.2726222,106.5791783,2
225.339093,264.4987636,0
123.9697046,129.8115691,2
462.5242295,341.5851408,3
485.7177146,317.0101253,3
146.6384904,83.63425188,2
392.7649448,156.0329085,1
425.8071321,387.4434182,3
116.1326443,368.180703,4
142.4884388,142.1349423,2
259.809925,344.2501596,0
69.39839773,382.3997408,4
114.572851,324.2526599,4
411.1429302,155.9424754,1
127.1985261,127.3179852,2
253.5147641,287.0502171,0
253.8226343,358.8393702,0
97.04660232,379.3756473,4
382.795226,93.30674273,1
110.5512908,125.2819704,2
411.8764561,149.3346878,1
158.4932646,120.2852187,2
153.4111082,127.2210755,2
486.1826711,338.4029601,3
317.7981546,262.0552993,0
439.6686051,147.2246342,1
89.46357077,287.9626198,4
242.5131397,271.569758,0
497.1018272,337.5330581,3
440.8905221,367.2613129,3
123.4455928,162.1667541,2
390.324046,112.8676008,1
387.3852992,390.2084749,3
85.20299078,229.2501323,4
383.9318715,89.06710887,1
478.9511289,176.4418528,1
150.8256861,96.5397709,2
79.12661026,407.5222327,4
72.71988108,340.6313613,4
158.9931595,86.88577457,2
407.3381801,153.7723218,1
499.1170202,311.2472417,3
375.2188229,90.39149519,1
93.51890495,372.9055894,4
379.0412693,127.7719106,1
114.5146498,99.80751005,2
167.659526,126.914734,2
395.8170139,98.31167759,1
373.3096626,113.9373833,1
268.5790585,251.1284181,0
490.0390714,344.5019721,3
371.2959351,137.0369871,1
76.52062976,402.1019277,4
266.8616922,308.3022814,0
469.1670718,249.4906096,1
409.0453266,146.0955352,1
186.9516178,146.9359836,2
273.6511117,336.5161788,0
451.4922039,163.2946514,1
175.8348771,132.1256413,2
224.1036924,241.7162996,0
444.570179,401.3642855,3
120.9597691,409.3418298,4
404.4027141,125.9824643,1
505.6256649,323.5950466,3
67.82022965,122.284205,2
104.7650983,402.6530142,4
70.39372772,394.1157025,4
457.2690107,127.9756115,1
381.0166964,81.61895261,1
427.973944,395.6637989,3
66.14959125,374.8103506,4
157.8198296,132.2485183,2
240.7285106,257.0318577,0
306.8920741,283.0286598,0
101.1667972,380.2668753,4
97.07545134,113.9832539,2
435.7780753,192.5225204,1
80.58145919,334.5993583,4
400.9867368,190.1145308,1
476.1788342,190.5475597,1
421.7422829,356.3706767,3
437.2848973,126.3393491,1
274.2951369,289.3857525,0
148.8775557,70.21270549,2
375.919379,150.8584042,1
485.6272082,342.574759,3
260.9945056,325.2288418,0
39.70479218,381.7268594,4
405.5797156,106.0720706,1
302.103353,279.1875804,0
95.67139866,364.607007,4
252.6336507,338.9773209,0
94.12825195,402.1586248,4
81.42030526,386.3484816,4
142.4936067,64.75906053,2
413.5975791,395.0090894,3
445.5882198,369.0141894,3
431.0537044,351.4968122,3
417.730856,147.9975709,1
254.2958116,339.6144615,0
444.0760366,196.6732572,1
146.7854055,135.6272758,2
408.7326454,387.425734,3
146.0421984,111.0356742,2
167.01341,82.40438153,2
158.7232309,103.3185912,2
436.6361607,177.4154052,1
429.1157143,396.1267752,3
170.7548662,72.95495141,2
134.7358967,59.74912308,2
164.2598928,142.5895435,2
44.31127021,400.7149885,4
251.0762076,263.3469402,0
169.7674095,118.785452,2
373.7452855,219.8908062,1
136.758149,120.9334588,2
256.757236,357.3123588,0
414.0022812,94.06437241,1
490.9368697,256.9816328,1
453.4647865,193.4878113,1
102.6357126,124.0519972,2
151.3597248,87.20717208,2
262.2124677,244.9477949,0
190.3879537,169.7450019,2
382.3852852,126.2812374,1
85.18106855,132.0714518,2
165.28073,142.8910827,2
483.2098719,349.1270952,3
374.8027518,79.70986898,1
252.8902802,272.8325349,0
135.4851089,117.3671348,2
96.76792342,288.7728931,4
402.7514861,198.8826215,1
410.0390875,121.7374756,1
409.3568855,150.2283051,1
80.46954549,397.4827949,4
401.4508432,155.2469092,1
282.7592262,296.2326167,0
84.20825142,350.7887131,4
165.5086145,115.22668,2
422.146054,150.2299953,1
382.979284,77.79374,1
79.91603197,156.9947099,2
86.34227438,359.679181,4
454.8515829,136.5286307,1
200.2149818,135.5138352,2
265.4445174,251.8328701,0
83.36321207,366.6786292,4
270.0873968,328.9586648,0
99.96101767,322.2154434,4
403.8307524,170.1486812,1
462.4686379,358.2327101,3
66.70680884,400.4526263,4
238.9731083,293.0541682,0
408.4224678,173.1257494,1
151.1058702,153.1089682,2
167.3548677,143.4334366,2
464.240048,352.20482,3
422.5143436,148.7093548,1
276.8987191,301.5334366,0
459.1994887,363.4416663,3
394.2427957,154.2644404,1
251.2035733,343.5175875,0
165.058496,112.5637249,2
391.8787152,112.5340833,1
241.8033289,272.025254,0
86.77717713,157.677179,2
414.6454646,207.0583459,1
130.6285524,150.4851646,2
428.5129661,375.4193199,3
74.62629415,405.25461,4
84.91811976,123.2912131,2
135.0489743,99.04270123,2
244.4502828,302.5843872,0
384.8384975,117.0599451,1
365.5242366,66.4268835,1
434.1021579,148.9872763,1
406.1413928,98.0787965,1
378.9274049,398.7744743,3
88.72192869,143.5547601,2
257.7849005,322.4672125,0
488.17516,352.5812928,3
421.1935225,219.3167049,1
405.6903472,156.1070283,1
226.1651941,235.0813506,0
412.660239,368.0343792,3
145.2075277,165.0521474,2
101.1199858,333.6964802,4
470.2797751,309.3893251,3
426.9910387,163.7636573,1
165.6262297,153.1555335,2
237.032261,341.8292273,0
423.9399162,190.3677232,1
474.482539,371.5355753,3
455.1392729,196.2631286,1
431.5718641,161.1328708,1
433.410049,152.3108862,1
435.814714,355.9088992,3
448.5578989,127.2118843,1
106.7358781,108.1267385,2
283.5693156,345.0283718,0
151.5259072,148.9206629,2
424.0433136,145.3297014,1
277.4905137,306.2423753,0
264.9777371,356.7535827,0
225.2967135,243.2258602,0
256.4343614,328.675515,0
412.5473552,156.2886714,1
225.8346006,274.1715906,0
421.9372311,131.9648276,1
45.13642685,357.4820208,4
440.0051142,367.9029706,3
136.5433441,64.74452265,2
120.8598344,98.85288536,2
252.8900092,238.7203561,0
326.016083,80.58282792,1
194.8090219,68.73537557,2
265.107273,305.14915,0
407.3705858,92.69783403,1
484.6758663,348.9334006,3
495.1202047,201.8601895,1
447.2326814,125.3348214,1
438.8370198,207.2318412,1
146.6174042,403.7692644,4
95.06365365,352.9447018,4
252.6242032,339.5468857,0
433.2587777,130.8778664,1
386.1561054,87.05576204,1
96.97654526,145.6629287,2
224.4032804,373.9638125,0
401.499962,114.3766837,1
491.5352165,212.0804636,1
410.9993184,130.6488522,1
177.0965783,143.237245,2
470.5733941,357.897962,3
484.1983306,319.0209866,3
419.6664046,396.4138763,3
75.46350256,399.3609998,4
36.77419154,333.0224333,4
111.9369217,152.203007,2
76.9064683,303.0624203,4
98.05643503,353.9470885,4
58.81193149,383.686791,4
469.8306599,193.4410566,1
328.1354814,78.65130555,1
395.0409939,204.8525714,1
422.5875662,200.110101,1
91.86165125,146.431618,2
93.66202977,144.7379736,2
240.8368891,305.04915,0
81.43176886,96.02283749,2
437.7981119,366.2058854,3
66.02598557,350.5473182,4
366.5880642,232.4425347,1
440.0076219,160.8367417,1
351.851214,72.05883715,1
202.2185547,221.6862363,0
134.122236,64.91581767,2
231.7777858,328.2415086,0
473.9772203,334.3201631,3
418.0853505,141.8046976,1
434.6873608,140.5268484,1
448.4085968,155.5261377,1
444.8808339,395.2064779,3
464.6591406,167.3741322,1
454.4075221,160.7719911,1
418.3059859,174.0687628,1
74.83685466,394.5275439,4
180.925886,119.6623467,2
460.4782576,162.7612523,1
418.0000619,88.70275322,1
85.16787668,127.1015236,2
398.9274144,124.2062398,1
430.7255018,143.397404,1
93.05075247,372.2174682,4
429.2066127,109.4630667,1
469.7148876,302.008204,3
245.1866154,271.8781056,0
107.4643447,349.0171752,4
73.09015603,424.9055383,4
417.0213728,150.1422388,1
87.3032055,118.4394624,2
129.0055235,150.215302,2
430.1136556,348.2019894,3
438.1276477,185.3472311,1
165.6274509,127.9395931,2
434.7162884,148.6835093,1
480.5531101,311.2389701,3
390.2183538,191.4712767,1
482.159538,371.1751712,3
257.3643097,301.5036044,0
76.88078423,307.107778,4
183.7507298,50.11354972,2
423.9792227,194.9898332,1
428.3168652,400.1585986,3
491.7874156,343.8879172,3
275.4570041,320.1825224,0
485.0455219,322.9468428,3
295.6771534,280.5116079,0
76.5281209,389.8696993,4
442.6132427,376.162354,3
474.6849322,192.1684996,1
409.326613,82.97761488,1
230.3973615,365.1504153,0
73.49834345,413.1156484,4
50.19343422,326.767629,4
374.2450575,98.56500581,1
64.81709511,370.0685658,4
197.0288008,74.40629178,2
417.6013946,105.9200657,1
406.9482732,386.633196,3
435.1651773,394.5389525,3
414.7342074,376.5207806,3
396.5139992,136.7870856,1
64.97425817,366.039227,4
407.8344846,385.5250292,3
405.4180228,161.8732541,1
427.5850152,139.3775781,1
409.2623587,134.2789646,1
410.3985488,188.022511,1
258.2757374,265.6142211,0
94.03169808,353.185712,4
428.0286074,155.0006187,1
167.3003952,138.1290242,2
388.7316084,162.0789701,1
92.64930842,104.0458548,2
429.8961849,181.0752696,1
84.70267109,350.7763946,4
375.0181071,114.0936416,1
259.7771856,272.3720875,0
432.8880325,181.7696295,1
85.20041792,148.8470151,2
471.2029949,232.6975999,1
390.1622278,113.0691452,1
251.1831301,346.1301259,0
281.7515033,296.2126396,0
467.5704561,167.5336772,1
82.95572924,407.2065364,4
222.7130064,299.1825837,0
80.76127629,382.1162316,4
395.4618875,98.07970619,1
421.1556063,138.077756,1
237.3458426,276.552065,0
127.9911595,396.451947,4
493.7411439,214.5505431,1
217.0569852,355.7336951,0
430.322554,156.073994,1
449.3559477,357.8408237,3
90.2818857,381.8969346,4
425.7387425,373.8520185,3
437.4743797,140.217771,1
386.2480701,205.2127798,1
445.7116477,370.4543408,3
113.7847644,362.6970749,4
395.3197684,176.7139354,1
461.6145425,353.9324196,3
399.9308312,180.4920946,1
434.6551902,117.2205961,1
109.131946,126.7292341,2
416.423565,182.8809092,1
415.9167688,160.2780706,1
449.9509912,111.8387719,1
272.7761556,258.2956582,0
436.506817,175.4547811,1
116.9842941,140.0806428,2
263.427824,329.9062466,0
72.14848008,357.2258111,4
443.4999573,353.4424484,3
91.75081371,82.54205814,2
432.8976653,198.7229204,1
105.4847407,380.1769114,4
236.5957142,244.8583812,0
47.07902356,368.4372812,4
500.4080696,268.6428834,3
415.0694946,148.264276,1
252.4360161,336.483862,0
91.95229246,135.8538628,2
396.2725406,135.9275472,1
452.4171596,366.0547984,3
473.9206174,357.5682956,3
120.8631198,130.5682291,2
481.1834789,343.7714859,3
123.892873,341.1696361,4
410.9099902,146.0572649,1
72.39089407,365.4911039,4
471.047462,315.9056274,3
433.1890578,212.736968,1
158.7568445,122.5866534,2
158.0832265,143.3297925,2
413.9474269,103.9267661,1
442.3488998,374.6677915,3
132.1687249,75.98832681,2
278.4745587,324.8454909,0
367.6906022,126.1564863,1
296.6328281,352.5643573,0
429.8831376,353.3726525,3
402.5570637,396.4357962,3
454.7282738,157.0521836,1
77.40674454,379.3852197,4
442.0821609,169.1195752,1
68.57706396,380.9506986,4
409.1375267,192.1467583,1
252.6323005,247.9974411,0
109.9726068,332.4585132,4
150.6770711,135.2922739,2
405.3627289,132.7939774,1
260.3543943,337.9533805,0
115.727808,61.66643267,2
80.16868808,117.65031,2
133.3224493,108.6738523,2
441.5249763,391.6593422,3
439.6977345,126.5511717,1
388.8649651,167.4066924,1
56.90287756,349.178537,4
187.677867,140.626731,2
304.9671196,281.1898105,0
428.3009307,138.762437,1
418.8889485,137.4554036,1
372.7415924,383.6194254,3
435.6507841,143.349973,1
82.64916978,404.225097,4
474.2017608,163.2328467,1
100.9631538,393.2163946,4
83.50988649,324.4978644,4
393.3577291,117.3082236,1
422.927457,390.6895929,3
88.43551982,75.85223381,2
466.5627025,327.9631646,3
148.9931017,89.41417252,2
399.2966131,207.6841518,1
406.8604409,129.6549248,1
312.8808959,306.8632619,0
107.3565601,351.8035242,4
130.9758513,84.71209777,2
373.0874323,140.2601804,1
313.3955366,62.9399236,1
385.4061347,366.7854915,3
396.1403494,384.8255109,3
492.7198612,342.7721438,3
373.5544031,93.70452898,1
436.1829905,189.7890543,1
87.86307605,316.683687,4
433.1581876,201.32412,1
431.8461628,364.6207842,3
423.5365787,175.2782221,1
498.3986672,315.1231734,3
365.8266904,385.9925202,3
483.1427954,324.9396521,3
132.1502695,97.67065152,2
399.7845985,111.4134374,1
247.2761601,293.28676,0
399.3618509,160.4631861,1
93.67769329,142.350125,2
59.79526703,400.7472202,4
396.7415058,398.6283,3
210.0401805,245.4544779,0
264.4226845,351.7302763,0
379.1927483,392.1698783,3
383.5547774,157.5229788,1
412.9871602,397.1690723,3
77.10711552,326.337729,4
427.9275428,142.0548122,1
89.87167968,160.3458372,2
406.99041,106.0507227,1
429.1813658,153.1287995,1
462.7735043,361.5228785,3
236.6029515,295.761046,0
292.3852187,283.7594759,0
289.9592434,81.23175847,1
70.808857,356.0333832,4
56.52316154,348.9661552,4
81.71268654,350.1405875,4
433.4631932,173.2701626,1
389.5400633,151.5052646,1
425.73045,392.0199593,3
64.56798518,294.7418464,4
67.11267365,376.155329,4
484.5955295,327.5822856,3
99.87500605,400.4961121,4
398.5856237,118.808134,1
402.6108651,88.43413607,1
252.5398599,340.7178976,0
173.623778,149.660877,2
487.8507284,335.6717256,3
478.780866,217.5763878,1
75.13436429,391.1532635,4
252.4307459,326.142132,0
262.5002748,314.5706834,0
307.3015343,267.3432065,0
419.7774421,144.349461,1
445.7866263,201.541921,1
439.8559861,169.429641,1
178.1134789,133.9781098,2
137.1446669,120.2818678,2
81.30502067,139.8583714,2
479.8546622,362.2089984,3
79.88577123,354.2157691,4
452.0486368,337.1651347,3
418.9292629,137.4728942,1
57.75970264,391.4484827,4
400.3799584,130.8308299,1
260.2166181,329.448032,0
380.3999798,91.18166937,1
99.09109459,375.2913231,4
297.2836918,327.4525396,0
472.8929114,361.3066608,3
390.6737044,58.27115101,1
447.670387,389.7577969,3
218.865563,357.0031378,0
422.4350285,179.5167606,1
142.3960172,101.0434789,2
420.5987264,121.62434,1
184.7463685,173.2819021,2
80.8630534,355.1922551,4
464.7265233,343.3152324,3
403.6325136,167.0873014,1
184.6569831,94.23659486,2
427.5692134,200.8941944,1
436.24882,359.4765109,3
474.5310417,333.9882375,3
488.7930105,339.326619,3
149.0698092,57.63552444,2
144.0634745,98.52911115,2
107.8350135,156.7215124,2
217.3483462,272.7852803,0
192.7029533,92.47384158,2
429.265583,130.2499701,1
182.9578263,72.67270689,2
439.726241,372.9431231,3
248.6470876,320.827809,0
406.5675821,371.4525009,3
367.1603849,150.3260926,1
483.3052106,375.8339198,3
239.9593899,286.3801038,0
406.2605069,178.4954022,1
416.470599,127.2323457,1
486.5306968,286.1207108,3
442.9706419,133.646188,1
470.1450507,340.4214913,3
60.18406511,409.1337583,4
79.15376462,380.3282953,4
435.8242509,137.8089946,1
108.6070358,327.7330077,4
393.5515704,384.4003203,3
257.8087553,241.5774139,0
460.0803707,187.4089284,1
422.2073551,204.6827407,1
489.4157016,326.7962501,3
474.080534,335.3860497,3
126.6299362,131.9933988,2
475.4339727,363.5937901,3
421.1797665,178.557468,1
481.7974673,345.7025895,3
439.3623961,109.6054232,1
449.7920484,167.8823101,1
135.2404769,117.7549685,2
169.8163321,133.5389949,2
383.2968062,137.4359413,1
239.00731,260.4296646,0
410.2825062,109.1075383,1
393.6145048,152.6496176,1
97.22303559,316.1208349,4
236.5549353,299.716551,0
341.6178421,417.3270197,3
113.304796,121.5586316,2
436.578391,193.4213785,1
469.69824,335.9048901,3
424.35998,163.0344907,1
276.2334796,339.2883554,0
345.7822514,78.25373801,1
103.679649,323.4032267,4
419.4408841,157.4699892,1
437.8919192,194.2686497,1
468.9018003,182.6525721,1
153.188205,126.0078447,2
276.6315138,313.7852028,0
428.6425705,194.9309686,1
134.5016254,126.6980526,2
70.48458347,367.0985587,4
414.7441872,366.6121463,3
237.9202618,245.5925183,0
272.7900247,322.1633612,0
94.07068734,126.3733677,2
464.2403017,134.4404648,1
393.8954499,142.443263,1
85.84419388,149.2319871,2
352.1042915,103.3917079,1
492.3240818,360.4825983,3
223.1218612,91.46514984,2
417.4553898,363.005867,3
251.3203764,284.4127383,0
472.9226332,206.3001114,1
143.4381899,102.7702449,2
471.1944375,362.9276864,3
243.0235563,273.8795476,0
335.6383265,55.23881611,1
169.8716565,123.6911573,2
256.7587663,329.9971587,0
135.4459042,126.1973783,2
435.3150507,179.4796082,1
453.7441381,342.9337025,3
132.383149,77.04786291,2
147.2658341,116.7467447,2
417.1191987,124.9740151,1
260.9398131,294.4626735,0
122.6554805,136.855682,2
418.079384,129.1220349,1
395.4313743,124.9370806,1
388.9786694,166.7425981,1
465.2987698,334.3933976,3
398.0282862,166.6264582,1
282.4955566,242.5022958,0
42.48627415,361.0485245,4
99.75896915,308.1643083,4
190.9690137,177.7560572,2
395.096679,196.6134567,1
98.9446299,128.6692275,2
404.867787,113.2693048,1
264.0906024,322.1172577,0
260.7440961,340.3900308,0
425.5517357,383.9234844,3
97.23506779,331.3482455,4
456.0531125,365.6151023,3
190.544343,170.0830315,2
240.9430958,281.1738687,0
461.8835043,330.1636048,3
413.5875099,192.3182613,1
421.9518658,384.3843945,3
272.4123871,330.5129293,0
397.577663,109.3010417,1
181.9740216,126.577875,2
407.5198435,109.1756083,1
246.6583443,277.4765914,0
481.921269,392.3943291,3
387.6414686,144.9746478,1
362.5368189,77.88258028,1
103.1153056,83.84015713,2
424.9432147,147.1128469,1
148.2988529,84.511545,2
434.3605994,135.5935814,1
90.4767241,300.3235316,4
243.3247729,316.4791716,0
82.69625008,337.9244036,4
93.77306247,366.2696306,4
192.6659809,145.1746243,2
93.99368352,348.5892991,4
82.59242,159.5134094,2
263.641793,355.5771364,0
403.5246857,384.2521034,3
168.1115642,72.59404757,2
306.2291149,277.9272043,0
390.4574965,135.0641609,1
251.575422,320.9289814,0
418.8971403,187.2654838,1
404.1000209,389.7404936,3
451.8220313,160.078828,1
100.6427099,353.5125537,4
395.5575631,126.5054332,1
446.0959632,208.5837201,1
137.3965024,86.07530192,2
242.918473,291.3353037,0
392.2935059,107.215812,1
377.1272001,67.99520692,1
170.6763435,69.1016721,2
436.6820398,176.2385917,1
87.4381701,394.4121386,4
58.57428815,388.7868792,4
435.9479946,367.8219955,3
422.7419875,99.52239546,1
472.2148749,376.0820443,3
445.8220843,140.4230531,1
390.805335,100.3297455,1
58.16814044,393.3802897,4
429.8794132,105.8534757,1
65.01820029,380.8001892,4
247.7773478,276.1294047,0
448.0764737,354.6388918,3
441.4711076,384.0912474,3
258.3586076,300.9419023,0
189.4956108,121.0769074,2
98.510469,383.8578169,4
50.40627604,315.2779912,4
454.1583566,180.3153623,1
247.6506281,319.6369725,0
471.2566307,329.5533293,3
356.8728682,104.9143215,1
90.10049851,133.1982296,2
418.8546298,367.28096,3
257.5445905,320.3354876,0
115.0566373,54.36869728,2
149.0833411,400.2350924,4
80.42702959,358.0642439,4
490.3864389,365.4681097,3
461.533127,350.7683288,3
446.8210033,127.2431589,1
454.5986385,202.4466199,1
81.54963128,338.2623714,4
415.2397926,163.4671012,1
139.4697794,141.3548555,2
256.2250463,236.8959099,0
401.8385018,383.4393816,3
403.3069026,382.0972184,3
49.66616588,347.1739531,4
86.2575744,150.6153205,2
361.503221,79.0705947,1
113.4775126,139.9301612,2
270.4288937,317.6897688,0
415.9285426,133.2764565,1
98.62157889,371.3045126,4
65.94096668,358.4021173,4
495.8353069,330.8095653,3
411.7276044,197.0063459,1
390.7713309,193.861967,1
129.6174007,106.5677331,2
472.6759353,235.5078844,1
99.24619479,99.15090042,2
175.1262957,145.7731469,2
368.099756,169.7204124,1
99.78012579,379.8589684,4
453.1130946,111.8494524,1
469.4508503,280.0627344,3
364.6985921,77.94776487,1
435.2927837,161.4215878,1
427.7376821,103.7523356,1
411.986409,150.7788724,1
134.9107154,75.52967254,2
448.0274396,379.338951,3
71.03903928,344.3287538,4
418.2135121,211.2617289,1
258.4629229,258.0826911,0
116.4108038,123.8410959,2
353.719093,74.97329651,1
274.6112221,260.6720836,0
376.826893,229.8641096,1
413.6872381,99.48368577,1
130.2972182,140.5155196,2
487.6740773,327.9461907,3
405.1570607,176.5335732,1
290.0169148,312.9947796,0
154.3323684,125.6227517,2
58.26622114,383.4226071,4
254.1143473,326.6218595,0
105.0003088,119.3128878,2
97.52106404,132.7170728,2
431.3005884,122.11528,1
380.2103862,182.2191461,1
351.6932157,85.10722539,1
157.1106404,136.6216681,2
424.3894043,186.9375944,1
156.5074918,103.383081,2
229.7782251,343.4760809,0
91.86189786,330.4723912,4
402.0772515,143.0983991,1
190.7982287,123.1105823,2
439.2330855,122.3748262,1
177.3360388,82.08503919,2
429.8720852,109.5385006,1
398.2980437,152.2886027,1
418.445731,130.3603761,1
110.4378859,110.7499982,2
467.7357614,330.3709269,3
256.8264007,249.4158819,0
230.6156013,300.9687213,0
280.3916485,258.4185571,0
241.2032628,283.9519931,0
53.30790042,339.3953506,4
400.3313869,204.1060306,1
405.7572243,112.669834,1
481.3285684,331.7887557,3
173.5073755,143.5403094,2
426.8026762,100.6605406,1
130.9654073,93.67434286,2
74.52779987,120.4034311,2
155.9683632,118.0457943,2
426.702088,115.3188692,1
389.7579523,129.2662277,1
398.7446509,98.07113288,1
92.38318919,339.2524157,4
436.6762056,120.2031336,1
390.0201398,92.90184256,1
112.3348965,112.4642837,2
77.05129047,305.8934002,4
102.8644748,416.7967686,4
78.31269256,88.92676137,2
430.9304614,112.9208505,1
456.4207447,175.5342476,1
253.1780113,266.6801467,0
143.6442136,83.13042733,2
476.2779417,340.8659318,3
62.39382948,341.5781709,4
395.7658713,143.7721875,1
273.4916064,316.2351993,0
72.87259064,352.354791,4
300.8495142,284.1809646,0
82.55792935,375.6502886,4
455.3146977,344.258056,3
384.6300358,219.7829566,1
72.91412427,148.735913,2
423.0278264,110.9950281,1
254.3242021,283.1529055,0
396.2731784,369.0235195,3
358.9602484,149.2131903,1
422.8893446,180.2652265,1
120.3561892,108.2365214,2
403.2961081,168.3925017,1
433.9354581,136.1741498,1
273.0448588,315.4486314,0
155.3844978,156.4587812,2
444.1049393,166.8915196,1
105.3265762,137.4708943,2
479.0867373,349.3797995,3
409.6805065,141.2080367,1
393.0718345,165.2687347,1
454.5550272,147.1520472,1
69.51829813,375.0491289,4
391.4849572,201.8826668,1
75.84453752,392.6001522,4
259.2653276,300.5305073,0
418.7951831,157.7598112,1
427.8561788,119.0812418,1
438.0522637,366.0628113,3
288.7892148,298.9946127,0
458.7399514,199.0007956,1
78.21514852,316.5019229,4
94.19590054,413.4156344,4
396.0736591,161.0547777,1
253.4491512,298.1829607,0
170.47799,114.4300475,2
170.8428303,139.7922678,2
423.9566945,135.0656686,1
311.7892328,266.3073583,0
412.7429674,168.6425414,1
252.9781567,343.2306947,0
454.329712,365.0988838,3
256.1283278,317.2437449,0
231.5057258,330.4432757,0
253.434753,293.3629014,0
420.6496909,360.6084663,3
54.56685111,322.495333,4
155.5218709,149.3790966,2
276.815094,291.8639852,0
418.171851,105.0458731,1
507.7067052,325.6977002,3
100.8127116,370.308005,4
389.8280734,96.66030644,1
344.4025046,97.73894666,1
437.2938244,394.8352853,3
94.25679942,381.1100732,4
415.8393813,193.3221878,1
117.4505416,158.3699937,2
91.76197193,131.8631044,2
177.826264,110.5561206,2
296.7601052,277.8115506,0
448.4581646,126.5988644,1
427.5037382,194.7243102,1
371.0791214,79.69191881,1
116.862506,137.1878981,2
406.9460168,90.71536316,1
383.2001373,187.9684311,1
103.8731613,107.0661429,2
237.4196948,323.5915918,0
81.15773044,328.4258678,4
469.7842312,373.1668964,3
401.4348821,90.23128351,1
473.0291613,329.4783441,3
140.9527902,92.84720328,2
162.8802831,146.4479863,2
71.8769544,343.2483545,4
87.68473364,402.2745735,4
240.7038945,326.3203783,0
271.1672549,335.6096508,0
404.4636096,116.2511566,1
116.4794288,96.4104238,2
109.0669856,110.3930416,2
105.5368303,413.6470403,4
423.0435723,382.3895721,3
485.8403153,317.1907237,3
88.97287876,90.04271908,2
95.72283799,311.0446471,4
63.69853143,354.7171382,4
183.3547473,175.2745867,2
407.1785329,102.1949311,1
272.8655971,363.1733078,0
91.6424708,393.7782928,4
369.7792355,97.54098287,1
85.7724933,384.1573473,4
92.20183659,392.8697109,4
262.6842982,276.3368504,0
427.8199026,384.0002596,3
472.2281311,332.7888578,3
427.8032296,220.7503611,1
401.6172749,136.2213802,1
412.1922,95.63967089,1
409.5604363,163.2346309,1
236.3292324,261.8086973,0
422.4846369,144.1363257,1
454.8551579,368.8683341,3
120.3416029,100.4514996,2
457.8226472,329.806978,3
120.0485496,78.63493404,2
281.2553859,261.4313545,0
144.250621,116.7505157,2
484.8386952,315.7810725,3
80.89061621,339.4134109,4
172.2538295,94.65199252,2
242.6323462,342.6770436,0
264.5264402,277.3233112,0
416.6361423,207.3557772,1
455.4347484,181.07138,1
247.7735569,296.1202944,0
419.6288897,376.6154252,3
415.6292305,130.5031414,1
108.6643858,93.4088487,2
441.4874734,380.8549139,3
304.9723308,280.5836824,0
168.977951,131.3639733,2
418.0275045,151.3694649,1
88.2707307,355.1157455,4
387.6318788,116.1484397,1
446.3062964,312.6522976,3
402.0696616,121.383846,1
110.1985406,135.9753376,2
479.6996456,334.3293768,3
476.6310322,322.0094918,3
389.1299656,116.5595089,1
408.6549898,161.2217155,1
57.3925063,415.6612918,4
378.6346444,171.9840588,1
234.7676797,240.0927849,0
482.3889471,340.1734745,3
430.2479196,162.4481336,1
71.78848611,383.7957047,4
371.5877543,111.4969225,1
116.7392321,347.6529586,4
128.0488256,126.7528732,2
70.45197505,231.3712651,4
173.3700403,155.7525995,2
446.1566331,125.6705988,1
378.8121722,77.87147233,1
137.3316062,76.61846207,2
239.0957996,272.2233437,0
442.8777473,193.3556421,1
138.8459592,132.6084856,2
275.3112333,340.9928797,0
462.7597352,347.6654624,3
477.7898951,233.5651695,1
442.8027749,173.6394161,1
419.0747382,100.2944871,1
74.61373352,334.3682226,4
225.2216229,249.1121323,0
79.81749361,175.7552981,2
461.4881213,361.6222455,3
226.0064964,336.1753995,0
132.1339345,85.65633716,2
227.7148857,278.2798629,0
95.0274537,369.4698885,4
66.3228447,340.1878243,4
79.44377938,389.605046,4
146.9970966,82.34009677,2
450.3210157,167.5543996,1
159.9003401,154.1288056,2
399.3131527,386.8509531,3
484.7229918,335.8232132,3
249.1288984,285.1452612,0
165.6972742,147.8686116,2
445.2848917,141.0734609,1
478.8119009,325.4383471,3
397.3531231,108.2947782,1
260.0649794,288.6199076,0
105.4934676,319.958266,4
82.76673333,312.8382967,4
453.4641803,367.6337228,3
367.7868147,160.9227231,1
269.0643725,298.5573584,0
441.0254886,217.0661932,1
102.0945745,395.9469119,4
440.2671061,139.4674958,1
246.6875017,298.4097916,0
430.5211571,376.8174158,3
293.7364265,258.7098202,0
435.5445369,143.7831179,1
468.2998082,340.6434061,3
466.6702542,371.2757175,3
98.66954359,313.5553833,4
83.34656078,406.4653933,4
100.8378688,128.875443,2
275.3364401,364.7411363,0
414.0020505,156.9166824,1
400.4381763,90.09207895,1
434.5800469,385.8612414,3
385.4298931,218.7368885,1
258.8915367,324.7710757,0
162.2067501,160.3915219,2
276.7203026,320.4380372,0
378.8133957,64.878113,1
62.01811157,354.3240446,4
231.5437493,371.6641843,0
460.7681033,353.368068,3
82.71463337,314.2407797,4
422.2664303,390.3545446,3
402.8097706,162.8526746,1
425.2714225,195.3084421,1
445.829507,147.4525754,1
95.08087313,141.9639871,2
72.1497516,343.2350081,4
422.8115985,382.0364049,3
103.5314398,78.27257959,2
372.7067136,69.67179465,1
111.5228854,354.6489475,4
386.8256004,63.99121598,1
279.3600414,294.1589938,0
390.1004033,89.90935572,1
135.6726303,119.6330233,2
449.1598946,165.6832097,1
418.0857012,374.1902414,3
370.1716482,65.27284042,1
302.5787137,283.5899324,0
392.2497456,134.0885796,1
140.8649477,140.2120428,2
168.6574939,89.06535866,2
253.1333494,337.9397562,0
446.7307821,366.4381023,3
93.42781909,137.5743154,2
114.2342332,344.8608301,4
464.2222083,366.3318725,3
415.3375651,177.8711175,1
123.3485695,77.18875979,2
243.5349617,358.425701,0
273.8508974,282.7086048,0
183.9218642,89.00949288,2
134.5758839,121.4765729,2
398.4597692,138.4056028,1
248.1720505,342.7709182,0
185.0833788,69.84342142,2
430.2229302,108.2060647,1
437.1272194,177.6468299,1
276.7950209,318.6667229,0
294.4763057,336.7507152,0
255.7606948,317.9997577,0
218.1151408,255.6809365,0
420.1886999,209.2400322,1
462.8669792,338.7749672,3
404.53056,133.3029578,1
438.2597967,109.1927782,1
276.4037903,307.547666,0
125.4867508,54.24298796,2
376.5338496,181.9218084,1
440.5693964,368.4932273,3
145.7440584,63.29027761,2
63.25032868,388.5888754,4
284.5236142,229.085525,0
464.6402572,202.1958271,1
250.5621213,287.7101861,0
471.8397996,354.5531713,3
416.7436783,179.3496347,1
124.1824437,161.5695661,2
427.1686503,203.0331742,1
107.2479185,366.7276021,4
130.0132288,67.0967409,2
102.2990022,129.8510159,2
438.1110325,162.5599042,1
153.3510504,118.7526038,2
385.2921487,355.2520877,3
228.6621874,285.1013491,0
117.8090525,97.94453832,2
424.577116,154.1249458,1
190.0021431,63.95733557,2
259.8575741,316.4824486,0
465.0202942,180.5779086,1
405.0447969,368.8127063,3
63.05711536,353.3816042,4
244.9339231,301.4777951,0
491.944456,303.608584,3
386.8858134,355.0299159,3
429.897358,118.1730038,1
113.872588,389.7704828,4
434.4629206,168.5369177,1
215.1694937,172.908589,2
382.7505785,153.8012772,1
251.3029555,279.0099064,0
463.5697717,346.499789,3
406.8837905,134.1095799,1
376.3631832,148.2994942,1
434.0624906,186.9677529,1
53.21114801,404.6188471,4
419.384881,108.9336241,1
56.66905365,356.1536524,4
175.0454844,60.93616018,2
67.50876601,322.9909489,4
388.6734404,100.9093433,1
409.1454863,185.023867,1
73.04746376,147.4345037,2
247.2966675,320.483327,0
261.2579469,339.8887965,0
416.7429107,171.5976555,1
487.1531772,311.4787903,3
430.7795442,110.30151,1
246.7243778,311.0972265,0
263.014591,273.1287225,0
85.69766999,110.8444324,2
331.5895699,69.06460095,1
400.8330605,193.7612373,1
251.0961421,319.8897465,0
169.3294522,83.19504067,2
159.7842387,113.1883447,2
473.5311888,365.8830579,3
72.46955688,379.9237137,4
281.6384897,344.8291006,0
426.5762727,125.6840744,1
349.422225,89.8762003,1
381.6377749,139.7151166,1
429.5561244,134.4144391,1
85.57751769,360.5177546,4
101.2672864,386.7104784,4
485.508078,361.5987246,3
306.4302475,293.1110016,0
283.1713343,344.6413345,0
95.31267538,355.5379841,4
167.4379437,85.49213989,2
439.0694263,388.3300577,3
148.1539613,94.46181475,2
447.4870757,124.662576,1
274.957494,290.3686325,0
68.41488003,326.849349,4
38.70612138,376.8836408,4
231.9538414,327.5514898,0
295.7842245,311.9419102,0
151.4060278,97.47484681,2
275.4330455,255.0514306,0
445.2455723,371.9404901,3
398.4293076,90.91869559,1
396.7278732,155.0297874,1
457.2826666,357.4289132,3
97.20043862,360.7156707,4
468.8379447,354.0708846,3
446.6084156,150.04366,1
239.9059648,336.5689668,0
301.0418956,280.9287523,0
67.50694577,146.5300496,2
130.5978208,117.4408394,2
424.4477684,188.6202545,1
374.7329788,108.3621628,1
398.1751974,123.451823,1
480.3079671,359.5881259,3
228.0948671,323.3553459,0
153.5153406,118.1041914,2
156.2552414,132.2139287,2
251.5431965,374.8135757,0
137.4404515,108.2473363,2
270.9338598,359.0900339,0
53.93114433,312.5515908,4
423.4525502,383.2838023,3
92.34472896,115.4716614,2
109.6829248,119.1495821,2
439.3921739,166.9077446,1
422.644984,153.2179236,1
87.64363355,145.4866916,2
488.0313785,330.9197085,3
406.1754916,203.1380221,1
479.6385725,336.8911065,3
245.4390055,322.4413735,0
240.0842163,304.0263354,0
454.3035963,367.3090048,3
410.4110255,370.0318213,3
253.7499363,314.649855,0
128.3948121,97.2100803,2
464.9965565,357.9645264,3
449.7675857,152.0774394,1
458.5654039,352.6664835,3
479.520361,331.5430493,3
417.7605592,123.4826192,1
458.06018,341.5836729,3
191.0078105,141.1219164,2
413.0261408,365.5220842,3
187.4438622,115.2976703,2
106.9407059,67.42625789,2
135.2364294,98.64453733,2
114.4766806,104.8088961,2
476.0537126,313.3795789,3
176.5834367,143.2208718,2
250.7123986,348.6064328,0
77.38883321,360.179154,4
367.7080006,92.09126162,1
135.1039872,138.8597437,2
147.0266377,64.85347571,2
397.6497442,184.8992195,1
398.5986751,114.2306008,1
103.5811937,338.360303,4
154.3387884,126.1165737,2
245.2602389,315.1625584,0
103.7037618,387.8132765,4
162.1682777,92.08345463,2
459.6510394,197.6041689,1
157.1643799,103.1511915,2
429.3363229,166.1970497,1
248.5292525,334.6883163,0
383.5993736,199.6812878,1
306.1941432,273.3763556,0
98.56286966,258.0671662,4
383.5055537,225.5480309,1
403.3165318,131.431503,1
60.83130475,170.93491,2
143.8952,92.67773322,2
420.1714927,361.3849202,3
89.19684045,402.4371368,4
82.34715381,257.8954171,4
79.61935619,382.7596083,4
137.5852624,80.5661747,2
414.2543657,77.01780973,1
250.3890277,295.2332474,0
425.9475501,375.5439912,3
136.1965974,101.6959916,2
486.6846613,337.4921303,3
376.7007454,96.66252432,1
146.7889109,119.9283481,2
142.5910155,109.0382098,2
437.4010874,109.1877098,1
255.8124448,356.6859385,0
55.87952725,379.3795832,4
262.2935594,340.2905519,0
284.7900138,330.3699248,0
487.3531802,350.9776201,3
432.633919,151.5626595,1
131.5593112,101.3523688,2
402.1284119,169.4263448,1
245.0178201,333.1761899,0
382.7578917,60.38498091,1
157.7589872,122.1175434,2
361.0690749,92.43374404,1
154.4230839,105.9201952,2
378.8681552,116.5952324,1
90.5720938,367.3687606,4
183.5059237,163.6255525,2
380.3987843,169.0231512,1
427.4079741,364.0761115,3
348.5527644,105.1774103,1
264.9367884,315.6815195,0
402.1344704,131.4534541,1
106.896482,93.61092302,2
418.811271,147.0854777,1
460.3493836,367.8716733,3
67.27072137,333.9778754,4
425.857315,215.2101472,1
112.4085764,338.7339347,4
80.72194891,350.0932112,4
186.0762098,186.9493195,2
473.9603657,388.4790189,3
86.79334415,376.6898309,4
69.44286265,277.5407055,4
120.2497349,391.1907305,4
369.9887452,123.8710799,1
127.9639846,141.8386734,2
98.35861787,352.6710318,4
299.7760095,296.262698,0
424.5099492,368.4391859,3
58.90044719,309.2176526,4
424.9730599,108.0928417,1
423.258666,178.9889441,1
362.8491438,408.705147,0
65.65115239,346.6973895,4
472.082847,372.3853764,3
427.3275798,122.0967818,1
259.4639579,353.3144577,0
322.061414,281.5099437,0
411.9098087,226.0625224,1
95.92220747,336.7524093,4
437.4330461,368.2281703,3
262.6692538,284.1966272,0
145.5056351,171.0023359,2
128.513255,96.7863854,2
424.2009218,175.6890733,1
78.58399073,344.5642327,4
163.2720432,109.3294662,2
448.5489101,364.4085743,3
393.6003523,85.64310029,1
111.6146511,113.8744704,2
366.7297244,234.095233,1
399.405812,131.0221542,1
190.1427764,154.8719955,2
127.4434082,124.1219715,2
389.1561963,356.3354065,3
245.3083238,277.5053103,0
93.7412654,325.3365925,4
274.1899741,272.191473,0
70.37427448,344.5176391,4
145.538857,413.5460145,4
433.6282275,181.7198636,1
391.4108108,155.2702065,1
320.6672409,286.0862822,0
437.2705924,362.03561,3
480.1262863,300.0875474,3
490.4859105,343.0543998,3
292.9859647,317.1038175,0
175.4816163,70.23283971,2
129.880001,64.50622826,2
480.5507334,211.7306482,1
452.5831294,383.2300185,3
94.5781096,72.97243657,2
80.51539143,348.4606509,4
89.36085261,362.3866379,4
408.1978508,158.6890792,1
123.0125383,127.2423094,2
403.1194618,158.6053276,1
137.8364366,109.2837405,2
393.191131,142.3751303,1
461.8782549,187.3628402,1
217.217741,251.5507339,0
53.72764538,403.7940877,4
474.1562207,317.5485872,3
378.7531508,168.429993,1
122.3978587,122.5375953,2
291.3357507,306.359783,0
91.65351994,116.5246025,2
175.926721,142.5850411,2
376.3986205,89.66149804,1
430.8740806,187.4518396,1
403.6305653,85.48038653,1
441.1630625,180.9877885,1
438.0236295,207.8291624,1
277.9103217,252.7364048,0
441.8672686,166.7298883,1
462.4402734,332.548711,3
146.4679238,106.5311788,2
459.8947961,174.4918334,1
234.6867762,325.6790523,0
39.08176455,335.5977532,4
422.513559,190.3169191,1
464.441355,354.1770166,3
113.9062346,109.2692668,2
432.8137388,372.840286,3
99.53725983,336.590317,4
111.4427408,93.87448456,2
154.6539385,152.6461581,2
469.4695294,359.3826939,3
474.1181499,351.4088171,3
362.2650998,79.87113849,1
422.9222991,166.4431785,1
391.1158852,83.98567104,1
375.3250496,151.1252489,1
140.3118011,80.12157572,2
427.8089671,180.6013462,1
52.14982584,346.7698599,4
276.7060525,283.9065347,0
66.65316798,400.3808134,4
159.2462025,134.8206258,2
189.8318938,154.2700611,2
442.8922293,209.3899295,1
411.2417884,165.8244736,1
495.2562288,308.0969824,3
425.7476278,381.0742645,3
465.7879964,175.4539944,1
472.6164122,356.5783664,3
453.6635525,179.8630724,1
179.4120196,89.65704502,2
150.9295599,115.2566689,2
238.5821031,303.5145912,0
108.0288984,94.66140758,2
95.86227992,150.8466219,2
507.8067127,342.6082981,3
62.89500792,377.3785231,4
294.0207238,280.0502466,0
344.4391989,402.1364813,3
121.681787,119.0593104,2
116.5516797,73.37710202,2
448.5247715,359.3463529,3
191.8344176,179.2032492,2
87.82573547,70.43172186,2
385.7131001,108.7582538,1
215.6300867,239.5883818,0
360.4238261,130.0833058,1
448.6282228,151.6320631,1
364.0684226,56.06337624,1
446.2627514,328.066429,3
301.167399,321.2505551,0
125.7351421,64.51865549,2
447.5526858,385.9654947,3
379.9164536,154.6479288,1
417.0887804,398.2557642,3
99.81263565,376.2922396,4
468.475155,156.2297339,1
480.9009366,348.6545637,3
89.53085004,150.5967429,2
284.9159898,291.9484606,0
408.2096038,167.3665634,1
262.0901602,281.8860992,0
132.2456288,102.2995062,2
242.7418475,289.8669116,0
385.0090422,108.4544754,1
79.15680084,147.8111944,2
77.65584281,130.8221084,2
453.15653,319.2100765,3
370.7737954,64.05690703,1
137.5006693,80.39502144,2
268.693931,268.9771225,0
294.6488759,355.8190892,0
479.6529648,181.8543304,1
163.8649314,103.9136696,2
473.7526161,379.9994574,3
271.5145891,304.9951125,0
134.2339699,142.7614043,2
396.1126131,374.8732248,3
470.4414331,224.6559636,1
366.8087612,63.98750749,1
406.1439411,139.1160937,1
115.2455176,170.2510784,2
393.7738972,164.6570486,1
403.0731189,161.9083256,1
387.451899,373.5721997,3
138.9711711,117.9670859,2
93.15712488,352.7319393,4
426.8975896,157.6882995,1
429.021528,395.024787,3
401.8480355,174.3280065,1
77.52004529,415.2393051,4
92.07717757,344.163564,4
124.846173,107.8651712,2
158.493418,134.3415846,2
422.7850433,109.6123688,1
452.8069065,173.1589231,1
423.6262362,166.252189,1
105.150715,135.6029257,2
427.0285218,386.1353295,3
98.16985743,370.3438961,4
167.6132225,137.3205669,2
67.93613389,373.820468,4
476.0938415,159.6567561,1
84.60501064,380.2167521,4
101.6886898,140.4387234,2
205.3313858,82.91230921,2
413.8460355,149.6252612,1
152.6548667,99.69442964,2
390.5874716,218.0542624,1
186.9073685,64.77549912,2
115.7193254,116.7544474,2
266.2414356,322.420367,0
49.71137976,312.1568569,4
457.271048,149.7754738,1
391.6518306,63.33103488,1
108.683723,330.7322566,4
424.2305346,171.7480923,1
399.1894885,68.34398969,1
368.7422331,142.6322803,1
433.2033709,124.2525473,1
405.2897746,87.4088723,1
221.001183,286.2912183,0
417.4700714,98.6543245,1
103.5448414,120.2916619,2
148.630141,85.10509952,2
423.6261026,395.420542,3
252.8885208,298.9034561,0
269.018405,263.964075,0
412.8744341,141.6308489,1
51.59566607,358.5721996,4
156.9314518,119.5924753,2
418.2054621,114.6536525,1
411.4304599,377.5400035,3
240.2498874,313.5318158,0
241.9797502,283.3182638,0
429.5308658,155.9218824,1
415.0119077,136.8573396,1
244.2763755,306.4357058,0
256.8487546,346.9085424,0
408.4599147,388.6819454,3
84.39210996,386.168386,4
396.7515739,98.36691213,1
146.5402266,139.7402059,2
266.7462821,298.7123422,0
381.9299636,109.936904,1
464.9019412,355.7583801,3
411.6093002,186.5637941,1
384.3820955,92.69490185,1
246.5973575,271.76588,0
405.5938647,134.1951579,1
125.2311529,106.603138,2
430.9992143,126.2382417,1
230.8274796,273.1610639,0
446.9142252,364.4231662,3
437.4871636,141.4814652,1
468.2108046,366.4425073,3
467.5113504,124.9114554,1
457.8916558,144.7693537,1
414.3419283,193.8556158,1
422.6383257,108.9975303,1
78.27753806,299.534141,4
422.985133,147.1719827,1
255.7089136,359.5728122,0
410.853381,111.0195959,1
415.1800891,106.6663673,1
437.3122482,361.9891438,3
433.3645426,389.7429913,3
96.62381291,73.91758024,2
241.2758397,302.4485426,0
249.8663391,294.7532831,0
460.0650188,167.1288672,1
452.3568438,153.2608004,1
75.31127184,364.1066309,4
432.3873407,103.7536648,1
452.7461661,381.2141713,3
423.52205,111.2859687,1
438.1498675,155.4964243,1
394.8301952,146.0261199,1
157.0821533,107.2864995,2
94.36830353,132.4045643,2
193.1112415,50.0083193,2
425.8476768,99.33703276,1
380.5775477,112.6015743,1
110.2698092,356.4915496,4
375.6619091,91.98948486,1
452.3019227,346.3776895,3
443.3907607,179.3599218,1
252.8144084,331.5137384,0
241.9717806,331.4500674,0
82.55336917,382.6254129,4
126.5391083,57.62342493,2
279.814424,320.7227502,0
191.9001158,81.83858494,2
367.8388332,92.13142189,1
412.5382171,152.0334509,1
267.2613543,292.0360372,0
430.5314169,144.4147375,1
300.1791724,272.1683874,0
285.9786181,336.1261677,0
172.6030364,154.8219285,2
389.9048246,173.8106514,1
402.6253694,108.7518064,1
446.152163,138.2641101,1
98.42999616,400.7941763,4
457.9320086,359.6943544,3
489.2102625,388.0229215,3
364.696839,86.676916,1
211.8601288,376.2591002,0
70.08465921,360.4254542,4
416.3539778,178.4004453,1
251.4967452,338.7262208,0
423.527466,127.5042372,1
252.9082647,301.304043,0
138.6143913,85.94431697,2
368.99588,72.22429936,1
138.9517988,121.8237312,2
439.6152812,364.0428801,3
37.98385129,372.2739177,4
153.2653584,154.8928281,2
278.6092079,309.9633115,0
154.6193329,93.33591383,2
107.0803204,138.0365946,2
189.1706765,149.2475424,2
410.5470712,196.6683328,1
142.7855504,99.66188655,2
150.5231433,116.7535771,2
69.59624747,337.2384722,4
430.6452857,138.118278,1
403.12518,177.5608159,1
421.6100607,211.2727712,1
148.9817392,74.28942346,2
428.3428336,123.8416309,1
190.2874055,125.0306429,2
83.54879078,369.6212762,4
113.4175379,122.9352375,2
402.8499671,114.9237081,1
415.2658703,111.4726461,1
103.488682,336.5503919,4
353.3325216,124.0122983,1
98.77348957,275.3538898,4
64.72633584,404.5468936,4
451.3247305,364.0174954,3
375.6479264,67.56552623,1
73.87597664,137.557063,2
191.7669704,105.0020837,2
121.9051663,107.1069848,2
156.2663921,93.56017138,2
433.8388348,165.1642602,1
446.4561446,361.1434596,3
441.555773,116.4510025,1
438.2163343,160.6082695,1
62.98960844,327.7261987,4
100.3131675,370.0618432,4
93.3300449,312.0534423,4
115.2865444,109.4624498,2
49.73382496,388.6691585,4
162.0871051,145.3924403,2
410.7766776,118.2305105,1
99.38367263,156.916421,2
483.2934499,348.1201879,3
246.8707903,295.1364958,0
425.1005114,209.5237506,1
88.58041493,147.1734257,2
239.7250886,328.9197683,0
153.9793492,126.5879945,2
393.6389293,128.2567033,1
428.9744666,163.4816571,1
389.03509,118.233267,1
436.9610531,392.1266216,3
166.1938725,111.1910364,2
471.6986257,208.6843329,1
452.5251995,341.2717751,3
80.60814935,324.8424082,4
382.8443467,152.2606922,1
128.6437378,156.8275397,2
428.6543305,395.3565503,3
440.0476148,370.5937282,3
267.0222094,237.6795049,0
434.8242924,382.5721349,3
424.3140602,125.5564008,1
148.3189875,79.26479921,2
413.7874604,400.194582,3
250.7758287,282.4584912,0
401.4176096,101.4121109,1
427.4667734,128.2008249,1
245.4641095,300.0558293,0
76.04762172,383.0132208,4
380.0356611,89.54313463,1
85.50308963,379.7783577,4
377.5810492,127.1931199,1
468.5814658,284.6253195,3
401.4252101,113.3844087,1
380.1713842,89.6367872,1
61.7597136,361.4326074,4
368.0394635,147.8493771,1
391.0650531,129.0053391,1
384.3882106,130.3279982,1
222.6627501,213.8755513,0
376.8019486,74.56616187,1
156.0127591,86.72487124,2
126.9571297,105.8560216,2
273.7959768,60.18699016,1
428.1997293,133.7754478,1
498.7146946,319.4914125,3
422.2623836,116.7777115,1
445.5468071,121.7558142,1
399.8951688,164.6592468,1
113.1099002,123.0312544,2
400.9061215,110.4306378,1
410.0223574,161.7908607,1
492.1921719,349.2762559,3
133.0534133,412.2313742,4
416.0408018,114.7946354,1
268.5440923,287.1824928,0
392.308492,83.30227837,1
397.5865713,93.98823968,1
144.6571925,126.6137594,2
75.16571133,328.6397608,4
415.887455,111.8322389,1
83.08031975,300.7213117,4
403.1245849,126.3600736,1
87.95062579,204.6117579,4
415.5612119,150.0580061,1
38.62438982,314.9654175,4
449.5821622,184.7307948,1
68.08478374,369.6330462,4
147.3053012,126.2183817,2
389.169048,91.60587074,1
145.8890288,131.6127873,2
435.560698,395.8518673,3
447.8111908,372.7284412,3
362.7573293,69.0088291,1
111.0934331,139.4504261,2
254.2529094,301.3342291,0
110.8539536,86.8296359,2
467.0229115,189.8605726,1
251.1518295,246.6591349,0
455.3475445,114.4904921,1
437.0512406,361.3568349,3
